﻿Name,Tags,Property,URL
C++函式,,,
範例,,,
2131. Longest Palindrome by Concatenating Two Letter Words,"medium, unordered_map","November 3, 2022",
433. Minimum Genetic Mutation,"DFS, medium, stack","November 2, 2022",
766. Toeplitz Matrix,,"October 31, 2022",
1662. Check If Two String Arrays are Equivalent,,"October 25, 2022",
645. Set Mismatch範例,unordered_map,"October 23, 2022",
219. Contains Duplicate II,unordered_map,"October 21, 2022",
12. Integer to Roman,medium,"October 20, 2022",
43. Multiply Strings,medium,"October 18, 2022",
54. Spiral Matrix,medium,"October 16, 2022",
1706. Where Will the Ball Fall,medium,"October 11, 2022",
202. Happy Number,,,
1578. Minimum Time to Make Rope Colorful,medium,,
704. Binary Search,,"September 24, 2022",
278. First Bad Version,,"September 24, 2022",
589. N-ary Tree Preorder Traversal,range-based-loop,"September 20, 2022",
409. Longest Palindrome,,"September 16, 2022",
121. Best Time to Buy and Sell Stock,,"September 15, 2022",
141. Linked List Cycle,,"September 14, 2022",
142. Linked List Cycle II,"fun, medium","September 13, 2022",
876. Middle of the Linked List,,"September 12, 2022",
206. Reverse Linked List,,"August 30, 2022",
869. Reordered Power of 2,medium,"August 29, 2022",
21. Merge Two Sorted Lists,,"August 23, 2022",
https://leetcode.com/problems/is-subsequence/,,"August 18, 2022",
205. Isomorphic Strings,unordered_map,"August 16, 2022",
724. Find Pivot Index,,"August 15, 2022",
1480. Running Sum of 1d Array,,"August 11, 2022",
1672 Richest Customer Wealth,,"August 10, 2022",
,,,